lastname,firstname,email,password
Furniture,Patty,pattyfurniture@gmail.com,GK776PQZ529I
Furniture,Paddy,paddyfurniture@gmail.com,GD564VSM577G
Yew,Olive,oliveyew@gmail.com,GJ679GGW877R
Bugg,Aida,aidabugg@gmail.com,EQ311SPR964C
Biologist,Maureen,maureenbiologist@gmail.com,WG210VGP685C
Dactyl,Teri,teridactyl@gmail.com,FW378YXP299D
Legge,Peg,peglegge@gmail.com,LF787STR625O
Grater,Allie,alliegrater@gmail.com,TW520FIB785Y
Erd,Liz,lizerd@gmail.com,OL363KPY156B
Noring,Constance,constancenoring@gmail.com,FC848LEA524E
Lois,Di,dilois@gmail.com,BH625WRG171D
Minnie,Van,vanminnie@gmail.com,XG686ICX558R
Leeum,Lynn,lynnleeum@gmail.com,YZ838WYW720E
Sun,Ray,raysun@gmail.com,KO610AOC636L
Sin,Ray,raysin@gmail.com,AR956YKL626N
Ringing,Isabelle,isabelleringing@gmail.com,AG344JJH260C
Sideways,Eileen,eileensideways@gmail.com,FJ741UNZ818Y
Book,Rita,ritabook@gmail.com,DM497UMM184E
Turner,Paige,paigeturner@gmail.com,GT815JLF977M
Report,Rhoda,rhodareport@gmail.com,RQ625ZCI662B
Wind,Augusta,augustawind@gmail.com,FA278HKE820X
Anthemum,Chris,chrisanthemum@gmail.com,DD667ZYZ593H
Teak,Anne,anneteak@gmail.com,QP409KWE361Q
Bath,Anita,anitabath@gmail.com,TS205MZD528Y
Upp,Harriet,harrietupp@gmail.com,RN257SDG742Z
Ewe,Missy,missyewe@gmail.com,WJ642RZI297B
Withew,Ivana,ivanawithew@gmail.com,UQ851SKW629S
Letterback,Anita,anitaletterback@gmail.com,AU887WNL355T
Furaletter,Hope,hopefuraletter@gmail.com,TV123ABW378H
Homesoon,Belle,bellehomesoon@gmail.com,CM312KDZ730X
Mine,Bea,beamine@gmail.com,IX740BMP635X
Twishes,Bess,besstwishes@gmail.com,WD187LSC491Q
Yasoon,Carl,carlyasoon@gmail.com,SN984FSM604V
Yose,Audie,audieyose@gmail.com,XF113KCB228P
End,Dee,deeend@gmail.com,RY960PCZ529F
Hug,Amanda,amandahug@gmail.com,QU433OZH732L
Dover,Ben,bendover@gmail.com,SI449QNH676C
Dover,Eileen,eileendover@gmail.com,IM268CJK873Y
Makit,Willie,williemakit@gmail.com,JT847RCF977A
Findit,Willie,williefindit@gmail.com,YD939ZKH755J
Blue,Skye,skyeblue@gmail.com,OT618IXI651H
Clowd,Staum,staumclowd@gmail.com,MO974EBD667V
Minstra,Addie,addieminstra@gmail.com,JD555GVW125L
Ortha,Anne,anneortha@gmail.com,KM319RJD494A
Allippa,Dave,daveallippa@gmail.com,SH819JUE149B
Zynah,Dee,deezynah@gmail.com,LP316UQT899Y
Mannerizorsa,Hugh,hughmannerizorsa@gmail.com,KV366LWK339V
Lyzayta,Loco,locolyzayta@gmail.com,JY583CTU254Z
Jah,Manny,mannyjah@gmail.com,MX121LTG411Z
Ateer,Mark,markateer@gmail.com,BM807AWE742M
Ewer,Reeve,reeveewer@gmail.com,YK856GOX643K
Ryta,Tex,texryta@gmail.com,PT108JZK895R
Green,Theresa,theresagreen@gmail.com,NC952DZJ809D
Kade,Barry,barrykade@gmail.com,EA415HFN443L
Dupp,Stan,standupp@gmail.com,ZS948JAG837I
Down,Neil,neildown@gmail.com,FT578MVK548Q
Trariweis,Con,contrariweis@gmail.com,QI308OUO410N
Messwidme,Don,donmesswidme@gmail.com,GA108CML277H
Annon,Al,alannon@gmail.com,KF838TBC834W
Domino,Anna,annadomino@gmail.com,ZA798OYQ714K
Stale,Clyde,clydestale@gmail.com,PJ549BBE326E
Logwatch,Anna,annalogwatch@gmail.com,OT296GQY370Q
Littlical,Anna,annalittlical@gmail.com,XL760WKT867P
Norma,Leigh,leighnorma@gmail.com,EW515OJY115B
Meebuggah,Sly,slymeebuggah@gmail.com,GV557PCK611L
Goodmate,Saul,saulgoodmate@gmail.com,IN705PIV804J
Clether,Faye,fayeclether@gmail.com,OM470CWF616R
Moanees,Sarah,sarahmoanees@gmail.com,VE978EYV456Q
Ayelloribbin,Ty,tyayelloribbin@gmail.com,JX469RWY940L
First,Hugo,hugofirst@gmail.com,II503SLU447O
Vere,Percy,percyvere@gmail.com,TN505WQY718J
Aranda,Jack,jackaranda@gmail.com,BI745JVK826X
Tree,Olive,olivetree@gmail.com,QT785KML749F
Pani,Fran,franpani@gmail.com,FE681VTQ154W
Quil,John,johnquil@gmail.com,RM656ZDJ931Z
Lasting,Ev,evlasting@gmail.com,KM583VFJ677X
Thurium,Anne,annethurium@gmail.com,UP274OED444I
Blossom,Cherry,cherryblossom@gmail.com,FV504TZI170R
Oli,Glad,gladoli@gmail.com,XK265EWT558Y
Plant,Ginger,gingerplant@gmail.com,QD778QWV190U
Phineum,Del,delphineum@gmail.com,LO100AIS867O
Bush,Rose,rosebush@gmail.com,LT208SVN325T
Scope,Perry,perryscope@gmail.com,XU467HKN799U
Stein,Frank,frankstein@gmail.com,HM204DAQ389E
Commishun,Roy,roycommishun@gmail.com,XO188SVA806T
Thettick,Pat,patthettick@gmail.com,MP589EGY933T
Kewshun,Percy,percykewshun@gmail.com,GI784GBQ622U
Knee,Rod,rodknee@gmail.com,GF694GIZ175E
Cheef,Hank,hankcheef@gmail.com,LF907PMF439W
Theriveaquai,Bridget,bridgettheriveaquai@gmail.com,OH548WEM304O
Toffis,Pat,pattoffis@gmail.com,PV661ASO425N
Onnabit,Karen,karenonnabit@gmail.com,BJ311QNY379Y
Fays,Col,colfays@gmail.com,RU976ZUE814R
Daway,Fay,faydaway@gmail.com,UV297ZKW200J
Awl,Joe,joeawl@gmail.com,ZE791ROM187U
Yabinlatelee,Wes,wesyabinlatelee@gmail.com,BM754OTR560R
Sik,Colin,colinsik@gmail.com,QQ158XKQ786H
Arias,Greg,gregarias@gmail.com,TB212RYD471C
Story,Toi,toistory@gmail.com,VO358OYA357E
Gene,Eva,evagene@gmail.com,DU235CJZ388V
Tile,Jen,jentile@gmail.com,YY611FFC135I
Sais,Simon,simonsais@gmail.com,NP662LFI757K
Owt,Peter,peterowt@gmail.com,MT488PEZ432U
Cry,Hugh,hughcry@gmail.com,BH458NEU664R
Nonmi,Lee,leenonmi@gmail.com,YG566TQK458G
Gwafranca,Lynne,lynnegwafranca@gmail.com,NN576QMV976Q
Decco,Art,artdecco@gmail.com,PP829UDL305Y
Gwistic,Lynne,lynnegwistic@gmail.com,XF483PZF770K
Polly,Ester,esterpolly@gmail.com,JN998LBI494O
Nommanee,Oscar,oscarnommanee@gmail.com,RA782GCY983D
Biding,Laura,laurabiding@gmail.com,WX674XIR264Q
Norda,Laura,lauranorda@gmail.com,ZP513KXF379R
Ignayshun,Des,designayshun@gmail.com,DZ873IGV828H
Soft,Mike,mikesoft@gmail.com,QZ604SWL586L
Kwayted,Anne,annekwayted@gmail.com,XX227WXR763F
Thabalanz,Wayde,waydethabalanz@gmail.com,VM885MED463Z
Mandingboss,Dee,deemandingboss@gmail.com,RQ248QCN732A
Meedentalfloss,Sly,slymeedentalfloss@gmail.com,RV890ELB718O
Knife,Stanley,stanleyknife@gmail.com,DT972VKB216G
Dozeaplikayshun,Wynn,wynndozeaplikayshun@gmail.com,OD144ZBG828P
Ajusted,Mal,malajusted@gmail.com,JQ331FUW499V
Black,Penny,pennyblack@gmail.com,QY700FWK160A
Nurrisht,Mal,malnurrisht@gmail.com,II384TCN197F
Pipe,Polly,pollypipe@gmail.com,VJ224QRT629P
Wannakrakouer,Polly,pollywannakrakouer@gmail.com,CD951REC963W
Staninterupshuns,Con,constaninterupshuns@gmail.com,MM196AMZ822V
Tick,Fran,frantick@gmail.com,KU748GED483U
Argo,Santi,santiargo@gmail.com,LI559SKS685W
Goh,Carmen,carmengoh@gmail.com,BJ129NBU107C
Sayid,Carmen,carmensayid@gmail.com,HV858KVY639S
Stitts,Norma,normastitts@gmail.com,JT799JMQ543Y
Vista,Ester,estervista@gmail.com,ZV177TUN580V
Labor,Manuel,manuellabor@gmail.com,YQ911LGU774Y
Itchinos,Ivan,ivanitchinos@gmail.com,LA793SGV428Y
Notheridiya,Ivan,ivannotheridiya@gmail.com,ED308SPH177P
Leek,Mustafa,mustafaleek@gmail.com,YI443NSU411Y
Grate,Emma,emmagrate@gmail.com,DB295CRG864P
Versaree,Annie,annieversaree@gmail.com,BC783HTB550F
Midsaylesman,Tim,timmidsaylesman@gmail.com,QN485FJQ758N
Krismass,Mary,marykrismass@gmail.com,FE594RJZ814I
Tim,Buck,bucktim@gmail.com,NK220TPP451I
Lana,Lynne,lynnelana@gmail.com,BA357JFB464Y
Waites,Wiley,wileywaites@gmail.com,YH539PYA591Z
Leeva,Ty,tyleeva@gmail.com,QP835BEN535I
Cayshun,Ed,edcayshun@gmail.com,ZL764DWR617F
Dote,Anne,annedote@gmail.com,CK676UMT395F
Strophobia,Claude,claudestrophobia@gmail.com,IL729RJC794U
Gloindian,Anne,annegloindian@gmail.com,QP567GIQ530U
Veeta,Dulcie,dulcieveeta@gmail.com,LY917XKJ833I
Normal,Abby,abbynormal@gmail.com,GW442OHP366D
